<ContinuityOfCareRecord xmlns:xsi="http://www.w3.org/2001/XMLSchema-instance" xsi:schemaLocation="urn:astm-org:CCR CCR_20051109.xsd http://www.w3.org/2001/XMLSchema xmldsig-core-schema.xsd" xmlns="urn:astm-org:CCR">
  <CCRDocumentObjectID>4eeb7efac226720fd6000029</CCRDocumentObjectID>
  <Language>
    <Text>English</Text>
  </Language>
  <Version>V1.0</Version>
  <DateTime>
    <ExactDateTime>2012-01-11T02:23:35+00:00</ExactDateTime>
  </DateTime>
  <Patient>
    <ActorID>4eeb7efac226720fd6000029</ActorID>
  </Patient>
  <From>
    <ActorLink>
      <ActorID>AA0002</ActorID>
    </ActorLink>
  </From>
  <Purpose>
    <Description>
      <Text>Cypress Test Patient CCR XML Record</Text>
    </Description>
    <Indications>
      <Indication>
        <Source>
          <Actor>
            <ActorID>AA0002</ActorID>
          </Actor>
        </Source>
        <InternalCCRLink>
          <LinkID/>
        </InternalCCRLink>
      </Indication>
    </Indications>
  </Purpose>
  <Body>
    <Problems>
      <Problem>
        <CCRDataObjectID>PR0001</CCRDataObjectID>
        <DateTime>
          <Type>
            <Text>Start date</Text>
          </Type>
          <ExactDateTime>2010-04-06T04:00:00Z</ExactDateTime>
        </DateTime>
        <Type>
          <Text>Diagnosis</Text>
        </Type>
        <Description>
          <Text>Asthma</Text>
          <Code>
            <Value>493.92</Value>
            <CodingSystem>ICD-9-CM</CodingSystem>
            <Version>2005</Version>
          </Code>
          <Code>
            <Value>J45</Value>
            <CodingSystem>ICD-10-CM</CodingSystem>
            <Version>2005</Version>
          </Code>
          <Code>
            <Value>195979001</Value>
            <CodingSystem>SNOMED-CT</CodingSystem>
            <Version>2005</Version>
          </Code>
        </Description>
        <Status>
          <Text>Active</Text>
        </Status>
        <Source>
          <Actor>
            <ActorID>4eeb7efac226720fd6000029</ActorID>
          </Actor>
        </Source>
      </Problem>
      <Problem>
        <CCRDataObjectID>PR0002</CCRDataObjectID>
        <DateTime>
          <Type>
            <Text>Start date</Text>
          </Type>
          <ExactDateTime>2010-05-28T04:00:00Z</ExactDateTime>
        </DateTime>
        <Type>
          <Text>Diagnosis</Text>
        </Type>
        <Description>
          <Text>Heart Failure</Text>
          <Code>
            <Value>428.9</Value>
            <CodingSystem>ICD-9-CM</CodingSystem>
            <Version>2005</Version>
          </Code>
          <Code>
            <Value>I50.9</Value>
            <CodingSystem>ICD-10-CM</CodingSystem>
            <Version>2005</Version>
          </Code>
          <Code>
            <Value>84114007</Value>
            <CodingSystem>SNOMED-CT</CodingSystem>
            <Version>2005</Version>
          </Code>
        </Description>
        <Status>
          <Text>Active</Text>
        </Status>
        <Source>
          <Actor>
            <ActorID>4eeb7efac226720fd6000029</ActorID>
          </Actor>
        </Source>
      </Problem>
      <Problem>
        <CCRDataObjectID>PR0003</CCRDataObjectID>
        <DateTime>
          <Type>
            <Text>Start date</Text>
          </Type>
          <ExactDateTime>2010-04-06T04:00:00Z</ExactDateTime>
        </DateTime>
        <Type>
          <Text>Diagnosis</Text>
        </Type>
        <Description>
          <Text>Hypertension</Text>
          <Code>
            <Value>401.9</Value>
            <CodingSystem>ICD-9-CM</CodingSystem>
            <Version>2005</Version>
          </Code>
          <Code>
            <Value>I10</Value>
            <CodingSystem>ICD-10-CM</CodingSystem>
            <Version>2005</Version>
          </Code>
          <Code>
            <Value>59621000</Value>
            <CodingSystem>SNOMED-CT</CodingSystem>
            <Version>2005</Version>
          </Code>
        </Description>
        <Status>
          <Text>Active</Text>
        </Status>
        <Source>
          <Actor>
            <ActorID>4eeb7efac226720fd6000029</ActorID>
          </Actor>
        </Source>
      </Problem>
      <Problem>
        <CCRDataObjectID>PR0004</CCRDataObjectID>
        <DateTime>
          <Type>
            <Text>Start date</Text>
          </Type>
          <ExactDateTime>2010-04-06T04:00:00Z</ExactDateTime>
        </DateTime>
        <Type>
          <Text>Diagnosis</Text>
        </Type>
        <Description>
          <Text>Asthma Daytime Symptoms Quantified</Text>
          <Code>
            <Value>370202007</Value>
            <CodingSystem>SNOMED-CT</CodingSystem>
            <Version>2005</Version>
          </Code>
        </Description>
        <Status>
          <Text>Active</Text>
        </Status>
        <Source>
          <Actor>
            <ActorID>4eeb7efac226720fd6000029</ActorID>
          </Actor>
        </Source>
      </Problem>
      <Problem>
        <CCRDataObjectID>PR0005</CCRDataObjectID>
        <DateTime>
          <Type>
            <Text>Start date</Text>
          </Type>
          <ExactDateTime>2010-04-06T04:00:00Z</ExactDateTime>
        </DateTime>
        <Type>
          <Text>Diagnosis</Text>
        </Type>
        <Description>
          <Text>Asthma Nighttime Symptoms Quantified</Text>
          <Code>
            <Value>370205009</Value>
            <CodingSystem>SNOMED-CT</CodingSystem>
            <Version>2005</Version>
          </Code>
        </Description>
        <Status>
          <Text>Active</Text>
        </Status>
        <Source>
          <Actor>
            <ActorID>4eeb7efac226720fd6000029</ActorID>
          </Actor>
        </Source>
      </Problem>
    </Problems>
    <Alerts>
      <Alert>
        <CCRDataObjectID>AL0001</CCRDataObjectID>
        <DateTime>
          <Type>
            <Text>Initial Occurrence</Text>
          </Type>
          <ExactDateTime>2009-10-09T04:00:00Z</ExactDateTime>
        </DateTime>
        <Type>
          <Text>Allergy</Text>
        </Type>
        <Description>
          <Text>Polymyxin</Text>
          <Code>
            <Value>C2729553</Value>
            <CodingSystem>RxNorm</CodingSystem>
            <Version>2005</Version>
          </Code>
        </Description>
        <Status>
          <Text>Current</Text>
        </Status>
        <Source/>
      </Alert>
    </Alerts>
    <Medications>
      <Medication>
        <CCRDataObjectID>MD0001</CCRDataObjectID>
        <DateTime>
          <Type>
            <Text>Prescription Date</Text>
          </Type>
          <ExactDateTime>2010-05-28T04:00:00Z</ExactDateTime>
        </DateTime>
        <Type>
          <Text>Medication</Text>
        </Type>
        <Status>
          <Text>Active</Text>
        </Status>
        <Source>
          <Actor>
            <ActorID>4eeb7efac226720fd6000029</ActorID>
          </Actor>
        </Source>
        <Product>
          <ProductName>
            <Text>Beta Blocker Therapy</Text>
          </ProductName>
          <BrandName>
            <Text>Beta Blocker Therapy</Text>
            <Code>
              <Value>866924</Value>
              <CodingSystem>RxNorm</CodingSystem>
              <Version>2005</Version>
            </Code>
          </BrandName>
        </Product>
      </Medication>
      <Medication>
        <CCRDataObjectID>MD0002</CCRDataObjectID>
        <DateTime>
          <Type>
            <Text>Prescription Date</Text>
          </Type>
          <ExactDateTime>2010-04-06T04:00:00Z</ExactDateTime>
        </DateTime>
        <Type>
          <Text>Medication</Text>
        </Type>
        <Status>
          <Text>Active</Text>
        </Status>
        <Source>
          <Actor>
            <ActorID>4eeb7efac226720fd6000029</ActorID>
          </Actor>
        </Source>
        <Product>
          <ProductName>
            <Text>Antihypertensive combinations</Text>
          </ProductName>
          <BrandName>
            <Text>Antihypertensive combinations</Text>
            <Code>
              <Value>858828</Value>
              <CodingSystem>RxNorm</CodingSystem>
              <Version>2005</Version>
            </Code>
          </BrandName>
        </Product>
      </Medication>
      <Medication>
        <CCRDataObjectID>MD0003</CCRDataObjectID>
        <DateTime>
          <Type>
            <Text>Prescription Date</Text>
          </Type>
          <ExactDateTime>2010-05-28T04:00:00Z</ExactDateTime>
        </DateTime>
        <Type>
          <Text>Medication</Text>
        </Type>
        <Status>
          <Text>Active</Text>
        </Status>
        <Source>
          <Actor>
            <ActorID>4eeb7efac226720fd6000029</ActorID>
          </Actor>
        </Source>
        <Product>
          <ProductName>
            <Text>ACE inhibitor or ARB</Text>
          </ProductName>
          <BrandName>
            <Text>ACE inhibitor or ARB</Text>
            <Code>
              <Value>314076</Value>
              <CodingSystem>RxNorm</CodingSystem>
              <Version>2005</Version>
            </Code>
          </BrandName>
        </Product>
      </Medication>
      <Medication>
        <CCRDataObjectID>MD0004</CCRDataObjectID>
        <DateTime>
          <Type>
            <Text>Prescription Date</Text>
          </Type>
          <ExactDateTime>2010-04-06T04:00:00Z</ExactDateTime>
        </DateTime>
        <Type>
          <Text>Medication</Text>
        </Type>
        <Status>
          <Text>Active</Text>
        </Status>
        <Source>
          <Actor>
            <ActorID>4eeb7efac226720fd6000029</ActorID>
          </Actor>
        </Source>
        <Product>
          <ProductName>
            <Text>Short acting beta 2 agonist</Text>
          </ProductName>
          <BrandName>
            <Text>Short acting beta 2 agonist</Text>
            <Code>
              <Value>630208</Value>
              <CodingSystem>RxNorm</CodingSystem>
              <Version>2005</Version>
            </Code>
          </BrandName>
        </Product>
      </Medication>
      <Medication>
        <CCRDataObjectID>MD0005</CCRDataObjectID>
        <DateTime>
          <Type>
            <Text>Prescription Date</Text>
          </Type>
          <ExactDateTime>2010-04-06T04:00:00Z</ExactDateTime>
        </DateTime>
        <Type>
          <Text>Medication</Text>
        </Type>
        <Status>
          <Text>Active</Text>
        </Status>
        <Source>
          <Actor>
            <ActorID>4eeb7efac226720fd6000029</ActorID>
          </Actor>
        </Source>
        <Product>
          <ProductName>
            <Text>Long acting inhaled beta 2 agonist</Text>
          </ProductName>
          <BrandName>
            <Text>Long acting inhaled beta 2 agonist</Text>
            <Code>
              <Value>896239</Value>
              <CodingSystem>RxNorm</CodingSystem>
              <Version>2005</Version>
            </Code>
          </BrandName>
        </Product>
      </Medication>
      <Medication>
        <CCRDataObjectID>MD0006</CCRDataObjectID>
        <DateTime>
          <Type>
            <Text>Prescription Date</Text>
          </Type>
          <ExactDateTime>2010-04-06T04:00:00Z</ExactDateTime>
        </DateTime>
        <Type>
          <Text>Medication</Text>
        </Type>
        <Status>
          <Text>Active</Text>
        </Status>
        <Source>
          <Actor>
            <ActorID>4eeb7efac226720fd6000029</ActorID>
          </Actor>
        </Source>
        <Product>
          <ProductName>
            <Text>Smoking Cessation Agents</Text>
          </ProductName>
          <BrandName>
            <Text>Smoking Cessation Agents</Text>
            <Code>
              <Value>105075</Value>
              <CodingSystem>RxNorm</CodingSystem>
              <Version>2005</Version>
            </Code>
          </BrandName>
        </Product>
      </Medication>
    </Medications>
    <Immunizations>
      <Immunization>
        <CCRDataObjectID>IM0001</CCRDataObjectID>
        <DateTime>
          <Type>
            <Text>Prescription Date</Text>
          </Type>
          <ExactDateTime>2010-09-09T04:00:00Z</ExactDateTime>
        </DateTime>
        <Type>
          <Text>Immunization</Text>
        </Type>
        <Status>
          <Text>Active</Text>
        </Status>
        <Source>
          <Actor>
            <ActorID>4eeb7efac226720fd6000029</ActorID>
          </Actor>
        </Source>
        <Product>
          <ProductName>
            <Text>Influenza Vaccine</Text>
          </ProductName>
          <BrandName>
            <Text>Influenza Vaccine</Text>
            <Code>
              <Value>857942</Value>
              <CodingSystem>RxNorm</CodingSystem>
              <Version>2005</Version>
            </Code>
          </BrandName>
        </Product>
      </Immunization>
      <Immunization>
        <CCRDataObjectID>IM0002</CCRDataObjectID>
        <DateTime>
          <Type>
            <Text>Prescription Date</Text>
          </Type>
          <ExactDateTime>2010-09-09T04:00:00Z</ExactDateTime>
        </DateTime>
        <Type>
          <Text>Immunization</Text>
        </Type>
        <Status>
          <Text>Active</Text>
        </Status>
        <Source>
          <Actor>
            <ActorID>4eeb7efac226720fd6000029</ActorID>
          </Actor>
        </Source>
        <Product>
          <ProductName>
            <Text>Pneumococcal Vaccine ages 2 and older</Text>
          </ProductName>
          <BrandName>
            <Text>Pneumococcal Vaccine ages 2 and older</Text>
            <Code>
              <Value>854981</Value>
              <CodingSystem>RxNorm</CodingSystem>
              <Version>2005</Version>
            </Code>
          </BrandName>
        </Product>
      </Immunization>
    </Immunizations>
    <VitalSigns>
      <Result>
        <CCRDataObjectID>VT0001</CCRDataObjectID>
        <DateTime>
          <Type>
            <Text>Start date</Text>
          </Type>
          <ExactDateTime>2010-11-01T04:00:00Z</ExactDateTime>
        </DateTime>
        <Description>
          <Text>Systolic Blood Pressure</Text>
          <Code>
            <Value>271649006</Value>
            <CodingSystem>SNOMED-CT</CodingSystem>
            <Version>2005</Version>
          </Code>
          <Code>
            <Value>8480-6</Value>
            <CodingSystem>LOINC</CodingSystem>
            <Version>2005</Version>
          </Code>
        </Description>
        <Source/>
        <Test>
          <CCRDataObjectID>VT0001TestResult</CCRDataObjectID>
          <Source/>
          <TestResult>
            <Value>134.0</Value>
            <Units>
              <Unit>mm[Hg]</Unit>
            </Units>
          </TestResult>
        </Test>
      </Result>
      <Result>
        <CCRDataObjectID>VT0002</CCRDataObjectID>
        <DateTime>
          <Type>
            <Text>Start date</Text>
          </Type>
          <ExactDateTime>2010-11-01T04:00:00Z</ExactDateTime>
        </DateTime>
        <Description>
          <Text>Diastolic Blood Pressure</Text>
          <Code>
            <Value>271650006</Value>
            <CodingSystem>SNOMED-CT</CodingSystem>
            <Version>2005</Version>
          </Code>
          <Code>
            <Value>8462-4</Value>
            <CodingSystem>LOINC</CodingSystem>
            <Version>2005</Version>
          </Code>
        </Description>
        <Source/>
        <Test>
          <CCRDataObjectID>VT0002TestResult</CCRDataObjectID>
          <Source/>
          <TestResult>
            <Value>88.0</Value>
            <Units>
              <Unit>mm[Hg]</Unit>
            </Units>
          </TestResult>
        </Test>
      </Result>
      <Result>
        <CCRDataObjectID>VT0003</CCRDataObjectID>
        <DateTime>
          <Type>
            <Text>Start date</Text>
          </Type>
          <ExactDateTime>2010-09-09T04:00:00Z</ExactDateTime>
        </DateTime>
        <Description>
          <Text>Systolic Blood Pressure</Text>
          <Code>
            <Value>271649006</Value>
            <CodingSystem>SNOMED-CT</CodingSystem>
            <Version>2005</Version>
          </Code>
          <Code>
            <Value>8480-6</Value>
            <CodingSystem>LOINC</CodingSystem>
            <Version>2005</Version>
          </Code>
        </Description>
        <Source/>
        <Test>
          <CCRDataObjectID>VT0003TestResult</CCRDataObjectID>
          <Source/>
          <TestResult>
            <Value>136.0</Value>
            <Units>
              <Unit>mm[Hg]</Unit>
            </Units>
          </TestResult>
        </Test>
      </Result>
      <Result>
        <CCRDataObjectID>VT0004</CCRDataObjectID>
        <DateTime>
          <Type>
            <Text>Start date</Text>
          </Type>
          <ExactDateTime>2010-09-09T04:00:00Z</ExactDateTime>
        </DateTime>
        <Description>
          <Text>Diastolic Blood Pressure</Text>
          <Code>
            <Value>271650006</Value>
            <CodingSystem>SNOMED-CT</CodingSystem>
            <Version>2005</Version>
          </Code>
          <Code>
            <Value>8462-4</Value>
            <CodingSystem>LOINC</CodingSystem>
            <Version>2005</Version>
          </Code>
        </Description>
        <Source/>
        <Test>
          <CCRDataObjectID>VT0004TestResult</CCRDataObjectID>
          <Source/>
          <TestResult>
            <Value>88.0</Value>
            <Units>
              <Unit>mm[Hg]</Unit>
            </Units>
          </TestResult>
        </Test>
      </Result>
      <Result>
        <CCRDataObjectID>VT0005</CCRDataObjectID>
        <DateTime>
          <Type>
            <Text>Start date</Text>
          </Type>
          <ExactDateTime>2010-06-09T04:00:00Z</ExactDateTime>
        </DateTime>
        <Description>
          <Text>Systolic Blood Pressure</Text>
          <Code>
            <Value>271649006</Value>
            <CodingSystem>SNOMED-CT</CodingSystem>
            <Version>2005</Version>
          </Code>
          <Code>
            <Value>8480-6</Value>
            <CodingSystem>LOINC</CodingSystem>
            <Version>2005</Version>
          </Code>
        </Description>
        <Source/>
        <Test>
          <CCRDataObjectID>VT0005TestResult</CCRDataObjectID>
          <Source/>
          <TestResult>
            <Value>134.0</Value>
            <Units>
              <Unit>mm[Hg]</Unit>
            </Units>
          </TestResult>
        </Test>
      </Result>
      <Result>
        <CCRDataObjectID>VT0006</CCRDataObjectID>
        <DateTime>
          <Type>
            <Text>Start date</Text>
          </Type>
          <ExactDateTime>2010-06-09T04:00:00Z</ExactDateTime>
        </DateTime>
        <Description>
          <Text>Diastolic Blood Pressure</Text>
          <Code>
            <Value>271650006</Value>
            <CodingSystem>SNOMED-CT</CodingSystem>
            <Version>2005</Version>
          </Code>
          <Code>
            <Value>8462-4</Value>
            <CodingSystem>LOINC</CodingSystem>
            <Version>2005</Version>
          </Code>
        </Description>
        <Source/>
        <Test>
          <CCRDataObjectID>VT0006TestResult</CCRDataObjectID>
          <Source/>
          <TestResult>
            <Value>86.0</Value>
            <Units>
              <Unit>mm[Hg]</Unit>
            </Units>
          </TestResult>
        </Test>
      </Result>
      <Result>
        <CCRDataObjectID>VT0007</CCRDataObjectID>
        <DateTime>
          <Type>
            <Text>Start date</Text>
          </Type>
          <ExactDateTime>2010-05-28T04:00:00Z</ExactDateTime>
        </DateTime>
        <Description>
          <Text>Systolic Blood Pressure</Text>
          <Code>
            <Value>271649006</Value>
            <CodingSystem>SNOMED-CT</CodingSystem>
            <Version>2005</Version>
          </Code>
          <Code>
            <Value>8480-6</Value>
            <CodingSystem>LOINC</CodingSystem>
            <Version>2005</Version>
          </Code>
        </Description>
        <Source/>
        <Test>
          <CCRDataObjectID>VT0007TestResult</CCRDataObjectID>
          <Source/>
          <TestResult>
            <Value>132.0</Value>
            <Units>
              <Unit>mm[Hg]</Unit>
            </Units>
          </TestResult>
        </Test>
      </Result>
      <Result>
        <CCRDataObjectID>VT0008</CCRDataObjectID>
        <DateTime>
          <Type>
            <Text>Start date</Text>
          </Type>
          <ExactDateTime>2010-05-28T04:00:00Z</ExactDateTime>
        </DateTime>
        <Description>
          <Text>Diastolic Blood Pressure</Text>
          <Code>
            <Value>271650006</Value>
            <CodingSystem>SNOMED-CT</CodingSystem>
            <Version>2005</Version>
          </Code>
          <Code>
            <Value>8462-4</Value>
            <CodingSystem>LOINC</CodingSystem>
            <Version>2005</Version>
          </Code>
        </Description>
        <Source/>
        <Test>
          <CCRDataObjectID>VT0008TestResult</CCRDataObjectID>
          <Source/>
          <TestResult>
            <Value>84.0</Value>
            <Units>
              <Unit>mm[Hg]</Unit>
            </Units>
          </TestResult>
        </Test>
      </Result>
      <Result>
        <CCRDataObjectID>VT0009</CCRDataObjectID>
        <DateTime>
          <Type>
            <Text>Start date</Text>
          </Type>
          <ExactDateTime>2010-04-06T04:00:00Z</ExactDateTime>
        </DateTime>
        <Description>
          <Text>Systolic Blood Pressure</Text>
          <Code>
            <Value>271649006</Value>
            <CodingSystem>SNOMED-CT</CodingSystem>
            <Version>2005</Version>
          </Code>
          <Code>
            <Value>8480-6</Value>
            <CodingSystem>LOINC</CodingSystem>
            <Version>2005</Version>
          </Code>
        </Description>
        <Source/>
        <Test>
          <CCRDataObjectID>VT0009TestResult</CCRDataObjectID>
          <Source/>
          <TestResult>
            <Value>134.0</Value>
            <Units>
              <Unit>mm[Hg]</Unit>
            </Units>
          </TestResult>
        </Test>
      </Result>
      <Result>
        <CCRDataObjectID>VT00010</CCRDataObjectID>
        <DateTime>
          <Type>
            <Text>Start date</Text>
          </Type>
          <ExactDateTime>2010-04-06T04:00:00Z</ExactDateTime>
        </DateTime>
        <Description>
          <Text>Diastolic Blood Pressure</Text>
          <Code>
            <Value>271650006</Value>
            <CodingSystem>SNOMED-CT</CodingSystem>
            <Version>2005</Version>
          </Code>
          <Code>
            <Value>8462-4</Value>
            <CodingSystem>LOINC</CodingSystem>
            <Version>2005</Version>
          </Code>
        </Description>
        <Source/>
        <Test>
          <CCRDataObjectID>VT00010TestResult</CCRDataObjectID>
          <Source/>
          <TestResult>
            <Value>86.0</Value>
            <Units>
              <Unit>mm[Hg]</Unit>
            </Units>
          </TestResult>
        </Test>
      </Result>
      <Result>
        <CCRDataObjectID>VT00011</CCRDataObjectID>
        <DateTime>
          <Type>
            <Text>Start date</Text>
          </Type>
          <ExactDateTime>2010-11-01T04:00:00Z</ExactDateTime>
        </DateTime>
        <Description>
          <Text>BMI</Text>
          <Code>
            <Value>60621009</Value>
            <CodingSystem>SNOMED-CT</CodingSystem>
            <Version>2005</Version>
          </Code>
          <Code>
            <Value>39156-5</Value>
            <CodingSystem>LOINC</CodingSystem>
            <Version>2005</Version>
          </Code>
        </Description>
        <Source/>
        <Test>
          <CCRDataObjectID>VT00011TestResult</CCRDataObjectID>
          <Source/>
          <TestResult>
            <Value>29.531611006091154</Value>
            <Units>
              <Unit></Unit>
            </Units>
          </TestResult>
        </Test>
      </Result>
      <Result>
        <CCRDataObjectID>VT00012</CCRDataObjectID>
        <DateTime>
          <Type>
            <Text>Start date</Text>
          </Type>
          <ExactDateTime>2010-09-09T04:00:00Z</ExactDateTime>
        </DateTime>
        <Description>
          <Text>BMI</Text>
          <Code>
            <Value>60621009</Value>
            <CodingSystem>SNOMED-CT</CodingSystem>
            <Version>2005</Version>
          </Code>
          <Code>
            <Value>39156-5</Value>
            <CodingSystem>LOINC</CodingSystem>
            <Version>2005</Version>
          </Code>
        </Description>
        <Source/>
        <Test>
          <CCRDataObjectID>VT00012TestResult</CCRDataObjectID>
          <Source/>
          <TestResult>
            <Value>28.793320730938877</Value>
            <Units>
              <Unit></Unit>
            </Units>
          </TestResult>
        </Test>
      </Result>
      <Result>
        <CCRDataObjectID>VT00013</CCRDataObjectID>
        <DateTime>
          <Type>
            <Text>Start date</Text>
          </Type>
          <ExactDateTime>2010-04-06T04:00:00Z</ExactDateTime>
        </DateTime>
        <Description>
          <Text>BMI</Text>
          <Code>
            <Value>60621009</Value>
            <CodingSystem>SNOMED-CT</CodingSystem>
            <Version>2005</Version>
          </Code>
          <Code>
            <Value>39156-5</Value>
            <CodingSystem>LOINC</CodingSystem>
            <Version>2005</Version>
          </Code>
        </Description>
        <Source/>
        <Test>
          <CCRDataObjectID>VT00013TestResult</CCRDataObjectID>
          <Source/>
          <TestResult>
            <Value>29.23629489603025</Value>
            <Units>
              <Unit></Unit>
            </Units>
          </TestResult>
        </Test>
      </Result>
    </VitalSigns>
    <Results>
      <Result>
        <CCRDataObjectID>LB0001</CCRDataObjectID>
        <DateTime>
          <Type>
            <Text>Start date</Text>
          </Type>
          <ExactDateTime>2010-11-01T04:00:00Z</ExactDateTime>
        </DateTime>
        <Description>
          <Text>FOBT</Text>
          <Code>
            <Value>82274</Value>
            <CodingSystem>CPT</CodingSystem>
            <Version>2005</Version>
          </Code>
          <Code>
            <Value>252156002</Value>
            <CodingSystem>SNOMED-CT</CodingSystem>
            <Version>2005</Version>
          </Code>
          <Code>
            <Value>2335-8</Value>
            <CodingSystem>LOINC</CodingSystem>
            <Version>2005</Version>
          </Code>
          <Code>
            <Value>G0328</Value>
            <CodingSystem>HCPCS</CodingSystem>
            <Version>2005</Version>
          </Code>
          <Code>
            <Value>V76.51</Value>
            <CodingSystem>ICD-9-CM</CodingSystem>
            <Version>2005</Version>
          </Code>
        </Description>
        <Source/>
        <Test>
          <CCRDataObjectID>LB0001TestResult</CCRDataObjectID>
          <Source/>
          <TestResult>
            <Value>Negative</Value>
            <Units>
              <Unit></Unit>
            </Units>
          </TestResult>
        </Test>
      </Result>
    </Results>
    <Procedures>
      <Procedure>
        <CCRDataObjectID>PR0001</CCRDataObjectID>
        <DateTime>
          <Type>
            <Text>Service date</Text>
          </Type>
          <ExactDateTime>2010-11-01T04:00:00Z</ExactDateTime>
        </DateTime>
        <Description>
          <Text>dietary consultation order</Text>
          <Code>
            <Value>103699006</Value>
            <CodingSystem>SNOMED-CT</CodingSystem>
            <Version>2005</Version>
          </Code>
        </Description>
        <Status>
          <Text>Active</Text>
        </Status>
        <Source/>
      </Procedure>
      <Procedure>
        <CCRDataObjectID>PR0002</CCRDataObjectID>
        <DateTime>
          <Type>
            <Text>Service date</Text>
          </Type>
          <ExactDateTime>2010-09-09T04:00:00Z</ExactDateTime>
        </DateTime>
        <Description>
          <Text>tobacco use cessation counseling</Text>
          <Code>
            <Value>384742004</Value>
            <CodingSystem>SNOMED-CT</CodingSystem>
            <Version>2005</Version>
          </Code>
          <Code>
            <Value>99406</Value>
            <CodingSystem>CPT</CodingSystem>
            <Version>2005</Version>
          </Code>
        </Description>
        <Status>
          <Text>Active</Text>
        </Status>
        <Source/>
      </Procedure>
      <Procedure>
        <CCRDataObjectID>PR0003</CCRDataObjectID>
        <DateTime>
          <Type>
            <Text>Service date</Text>
          </Type>
          <ExactDateTime>2010-04-06T04:00:00Z</ExactDateTime>
        </DateTime>
        <Description>
          <Text>tobacco use cessation counseling</Text>
          <Code>
            <Value>384742004</Value>
            <CodingSystem>SNOMED-CT</CodingSystem>
            <Version>2005</Version>
          </Code>
          <Code>
            <Value>99406</Value>
            <CodingSystem>CPT</CodingSystem>
            <Version>2005</Version>
          </Code>
        </Description>
        <Status>
          <Text>Active</Text>
        </Status>
        <Source/>
      </Procedure>
      <Procedure>
        <CCRDataObjectID>PR0004</CCRDataObjectID>
        <DateTime>
          <Type>
            <Text>Service date</Text>
          </Type>
          <ExactDateTime>2010-04-06T04:00:00Z</ExactDateTime>
        </DateTime>
        <Description>
          <Text>Asthma Symptom Assessment Tool</Text>
          <Code>
            <Value>401011001</Value>
            <CodingSystem>SNOMED-CT</CodingSystem>
            <Version>2005</Version>
          </Code>
        </Description>
        <Status>
          <Text>Active</Text>
        </Status>
        <Source/>
      </Procedure>
      <Procedure>
        <CCRDataObjectID>PR0005</CCRDataObjectID>
        <DateTime>
          <Type>
            <Text>Service date</Text>
          </Type>
          <ExactDateTime>2010-05-28T04:00:00Z</ExactDateTime>
        </DateTime>
        <Description>
          <Text>Ejection Fraction</Text>
          <Code>
            <Value>70822001</Value>
            <CodingSystem>SNOMED-CT</CodingSystem>
            <Version>2005</Version>
          </Code>
        </Description>
        <Status>
          <Text>Active</Text>
        </Status>
        <Source/>
      </Procedure>
    </Procedures>
    <Encounters>
      <Encounter>
        <CCRDataObjectID>EN0001</CCRDataObjectID>
        <DateTime>
          <Type>
            <Text>Encounter Date</Text>
          </Type>
          <ExactDateTime>2010-11-01T04:00:00Z</ExactDateTime>
        </DateTime>
        <Description>
          <Text>Encounter Outpatient</Text>
          <Code>
            <Value>99213</Value>
            <CodingSystem>CPT</CodingSystem>
            <Version>2005</Version>
          </Code>
          <Code>
            <Value>V70.0</Value>
            <CodingSystem>ICD-9-CM</CodingSystem>
            <Version>2005</Version>
          </Code>
        </Description>
        <Status>
          <Text>Active</Text>
        </Status>
        <Source>
          <Actor>
            <ActorID>4eeb7efac226720fd6000029</ActorID>
          </Actor>
        </Source>
      </Encounter>
      <Encounter>
        <CCRDataObjectID>EN0002</CCRDataObjectID>
        <DateTime>
          <Type>
            <Text>Encounter Date</Text>
          </Type>
          <ExactDateTime>2010-09-09T04:00:00Z</ExactDateTime>
        </DateTime>
        <Description>
          <Text>Encounter Outpatient</Text>
          <Code>
            <Value>99213</Value>
            <CodingSystem>CPT</CodingSystem>
            <Version>2005</Version>
          </Code>
          <Code>
            <Value>V70.0</Value>
            <CodingSystem>ICD-9-CM</CodingSystem>
            <Version>2005</Version>
          </Code>
        </Description>
        <Status>
          <Text>Active</Text>
        </Status>
        <Source>
          <Actor>
            <ActorID>4eeb7efac226720fd6000029</ActorID>
          </Actor>
        </Source>
      </Encounter>
      <Encounter>
        <CCRDataObjectID>EN0003</CCRDataObjectID>
        <DateTime>
          <Type>
            <Text>Encounter Date</Text>
          </Type>
          <ExactDateTime>2010-06-09T04:00:00Z</ExactDateTime>
        </DateTime>
        <Description>
          <Text>Encounter Office Visit</Text>
          <Code>
            <Value>99212</Value>
            <CodingSystem>CPT</CodingSystem>
            <Version>2005</Version>
          </Code>
        </Description>
        <Status>
          <Text>Active</Text>
        </Status>
        <Source>
          <Actor>
            <ActorID>4eeb7efac226720fd6000029</ActorID>
          </Actor>
        </Source>
      </Encounter>
      <Encounter>
        <CCRDataObjectID>EN0004</CCRDataObjectID>
        <DateTime>
          <Type>
            <Text>Encounter Date</Text>
          </Type>
          <ExactDateTime>2010-05-28T04:00:00Z</ExactDateTime>
        </DateTime>
        <Description>
          <Text>Encounter Outpatient</Text>
          <Code>
            <Value>99213</Value>
            <CodingSystem>CPT</CodingSystem>
            <Version>2005</Version>
          </Code>
          <Code>
            <Value>V70.0</Value>
            <CodingSystem>ICD-9-CM</CodingSystem>
            <Version>2005</Version>
          </Code>
        </Description>
        <Status>
          <Text>Active</Text>
        </Status>
        <Source>
          <Actor>
            <ActorID>4eeb7efac226720fd6000029</ActorID>
          </Actor>
        </Source>
      </Encounter>
      <Encounter>
        <CCRDataObjectID>EN0005</CCRDataObjectID>
        <DateTime>
          <Type>
            <Text>Encounter Date</Text>
          </Type>
          <ExactDateTime>2010-04-06T04:00:00Z</ExactDateTime>
        </DateTime>
        <Description>
          <Text>Encounter Office Visit</Text>
          <Code>
            <Value>99212</Value>
            <CodingSystem>CPT</CodingSystem>
            <Version>2005</Version>
          </Code>
        </Description>
        <Status>
          <Text>Active</Text>
        </Status>
        <Source>
          <Actor>
            <ActorID>4eeb7efac226720fd6000029</ActorID>
          </Actor>
        </Source>
      </Encounter>
    </Encounters>
  </Body>
  <Actors>
    <Actor>
      <ActorObjectID>4eeb7efac226720fd6000029</ActorObjectID>
      <Person>
        <Name>
          <CurrentName>
            <Given>John</Given>
            <Family>Berendson</Family>
          </CurrentName>
        </Name>
        <DateOfBirth>
          <ExactDateTime>1952-05-21T04:00:00Z</ExactDateTime>
        </DateOfBirth>
        <Gender>
          <Text>Male</Text>
        </Gender>
      </Person>
      <Source/>
    </Actor>
  </Actors>
</ContinuityOfCareRecord>
