<ContinuityOfCareRecord xmlns:xsi="http://www.w3.org/2001/XMLSchema-instance" xsi:schemaLocation="urn:astm-org:CCR CCR_20051109.xsd http://www.w3.org/2001/XMLSchema xmldsig-core-schema.xsd" xmlns="urn:astm-org:CCR">
  <CCRDocumentObjectID>4eeb7efec226720fd6000049</CCRDocumentObjectID>
  <Language>
    <Text>English</Text>
  </Language>
  <Version>V1.0</Version>
  <DateTime>
    <ExactDateTime>2012-01-11T02:23:29+00:00</ExactDateTime>
  </DateTime>
  <Patient>
    <ActorID>4eeb7efec226720fd6000049</ActorID>
  </Patient>
  <From>
    <ActorLink>
      <ActorID>AA0002</ActorID>
    </ActorLink>
  </From>
  <Purpose>
    <Description>
      <Text>Cypress Test Patient CCR XML Record</Text>
    </Description>
    <Indications>
      <Indication>
        <Source>
          <Actor>
            <ActorID>AA0002</ActorID>
          </Actor>
        </Source>
        <InternalCCRLink>
          <LinkID/>
        </InternalCCRLink>
      </Indication>
    </Indications>
  </Purpose>
  <Body>
    <Medications>
      <Medication>
        <CCRDataObjectID>MD0001</CCRDataObjectID>
        <DateTime>
          <Type>
            <Text>Prescription Date</Text>
          </Type>
          <ExactDateTime>2011-02-22T05:00:00Z</ExactDateTime>
        </DateTime>
        <Type>
          <Text>Medication</Text>
        </Type>
        <Status>
          <Text>Active</Text>
        </Status>
        <Source>
          <Actor>
            <ActorID>4eeb7efec226720fd6000049</ActorID>
          </Actor>
        </Source>
        <Product>
          <ProductName>
            <Text>Hepatitis A Vaccine</Text>
          </ProductName>
          <BrandName>
            <Text>Hepatitis A Vaccine</Text>
            <Code>
              <Value>798481</Value>
              <CodingSystem>RxNorm</CodingSystem>
              <Version>2005</Version>
            </Code>
          </BrandName>
        </Product>
      </Medication>
      <Medication>
        <CCRDataObjectID>MD0002</CCRDataObjectID>
        <DateTime>
          <Type>
            <Text>Prescription Date</Text>
          </Type>
          <ExactDateTime>2010-08-16T04:00:00Z</ExactDateTime>
        </DateTime>
        <Type>
          <Text>Medication</Text>
        </Type>
        <Status>
          <Text>Active</Text>
        </Status>
        <Source>
          <Actor>
            <ActorID>4eeb7efec226720fd6000049</ActorID>
          </Actor>
        </Source>
        <Product>
          <ProductName>
            <Text>DTAP Vaccine</Text>
          </ProductName>
          <BrandName>
            <Text>DTAP Vaccine</Text>
            <Code>
              <Value>795926</Value>
              <CodingSystem>RxNorm</CodingSystem>
              <Version>2005</Version>
            </Code>
          </BrandName>
        </Product>
      </Medication>
      <Medication>
        <CCRDataObjectID>MD0003</CCRDataObjectID>
        <DateTime>
          <Type>
            <Text>Prescription Date</Text>
          </Type>
          <ExactDateTime>2010-08-16T04:00:00Z</ExactDateTime>
        </DateTime>
        <Type>
          <Text>Medication</Text>
        </Type>
        <Status>
          <Text>Active</Text>
        </Status>
        <Source>
          <Actor>
            <ActorID>4eeb7efec226720fd6000049</ActorID>
          </Actor>
        </Source>
        <Product>
          <ProductName>
            <Text>IPV Vaccination</Text>
          </ProductName>
          <BrandName>
            <Text>IPV Vaccination</Text>
            <Code>
              <Value>90713</Value>
              <CodingSystem>CPT</CodingSystem>
              <Version>2005</Version>
            </Code>
            <Code>
              <Value>10</Value>
              <CodingSystem>CVX</CodingSystem>
              <Version>2005</Version>
            </Code>
          </BrandName>
        </Product>
      </Medication>
      <Medication>
        <CCRDataObjectID>MD0004</CCRDataObjectID>
        <DateTime>
          <Type>
            <Text>Prescription Date</Text>
          </Type>
          <ExactDateTime>2010-05-15T04:00:00Z</ExactDateTime>
        </DateTime>
        <Type>
          <Text>Medication</Text>
        </Type>
        <Status>
          <Text>Active</Text>
        </Status>
        <Source>
          <Actor>
            <ActorID>4eeb7efec226720fd6000049</ActorID>
          </Actor>
        </Source>
        <Product>
          <ProductName>
            <Text>MMR Vaccine</Text>
          </ProductName>
          <BrandName>
            <Text>MMR Vaccine</Text>
            <Code>
              <Value>804186</Value>
              <CodingSystem>RxNorm</CodingSystem>
              <Version>2005</Version>
            </Code>
          </BrandName>
        </Product>
      </Medication>
      <Medication>
        <CCRDataObjectID>MD0005</CCRDataObjectID>
        <DateTime>
          <Type>
            <Text>Prescription Date</Text>
          </Type>
          <ExactDateTime>2010-05-15T04:00:00Z</ExactDateTime>
        </DateTime>
        <Type>
          <Text>Medication</Text>
        </Type>
        <Status>
          <Text>Active</Text>
        </Status>
        <Source>
          <Actor>
            <ActorID>4eeb7efec226720fd6000049</ActorID>
          </Actor>
        </Source>
        <Product>
          <ProductName>
            <Text>VZV Vaccine</Text>
          </ProductName>
          <BrandName>
            <Text>VZV Vaccine</Text>
            <Code>
              <Value>759609</Value>
              <CodingSystem>RxNorm</CodingSystem>
              <Version>2005</Version>
            </Code>
          </BrandName>
        </Product>
      </Medication>
      <Medication>
        <CCRDataObjectID>MD0006</CCRDataObjectID>
        <DateTime>
          <Type>
            <Text>Prescription Date</Text>
          </Type>
          <ExactDateTime>2010-05-15T04:00:00Z</ExactDateTime>
        </DateTime>
        <Type>
          <Text>Medication</Text>
        </Type>
        <Status>
          <Text>Active</Text>
        </Status>
        <Source>
          <Actor>
            <ActorID>4eeb7efec226720fd6000049</ActorID>
          </Actor>
        </Source>
        <Product>
          <ProductName>
            <Text>Hepatitis A Vaccine</Text>
          </ProductName>
          <BrandName>
            <Text>Hepatitis A Vaccine</Text>
            <Code>
              <Value>798481</Value>
              <CodingSystem>RxNorm</CodingSystem>
              <Version>2005</Version>
            </Code>
          </BrandName>
        </Product>
      </Medication>
      <Medication>
        <CCRDataObjectID>MD0007</CCRDataObjectID>
        <DateTime>
          <Type>
            <Text>Prescription Date</Text>
          </Type>
          <ExactDateTime>2010-02-15T05:00:00Z</ExactDateTime>
        </DateTime>
        <Type>
          <Text>Medication</Text>
        </Type>
        <Status>
          <Text>Active</Text>
        </Status>
        <Source>
          <Actor>
            <ActorID>4eeb7efec226720fd6000049</ActorID>
          </Actor>
        </Source>
        <Product>
          <ProductName>
            <Text>Pneumococcal Vaccine</Text>
          </ProductName>
          <BrandName>
            <Text>Pneumococcal Vaccine</Text>
            <Code>
              <Value>854969</Value>
              <CodingSystem>RxNorm</CodingSystem>
              <Version>2005</Version>
            </Code>
          </BrandName>
        </Product>
      </Medication>
      <Medication>
        <CCRDataObjectID>MD0008</CCRDataObjectID>
        <DateTime>
          <Type>
            <Text>Prescription Date</Text>
          </Type>
          <ExactDateTime>2010-02-15T05:00:00Z</ExactDateTime>
        </DateTime>
        <Type>
          <Text>Medication</Text>
        </Type>
        <Status>
          <Text>Active</Text>
        </Status>
        <Source>
          <Actor>
            <ActorID>4eeb7efec226720fd6000049</ActorID>
          </Actor>
        </Source>
        <Product>
          <ProductName>
            <Text>Influenza Vaccine</Text>
          </ProductName>
          <BrandName>
            <Text>Influenza Vaccine</Text>
            <Code>
              <Value>857942</Value>
              <CodingSystem>RxNorm</CodingSystem>
              <Version>2005</Version>
            </Code>
          </BrandName>
        </Product>
      </Medication>
      <Medication>
        <CCRDataObjectID>MD0009</CCRDataObjectID>
        <DateTime>
          <Type>
            <Text>Prescription Date</Text>
          </Type>
          <ExactDateTime>2009-08-21T04:00:00Z</ExactDateTime>
        </DateTime>
        <Type>
          <Text>Medication</Text>
        </Type>
        <Status>
          <Text>Active</Text>
        </Status>
        <Source>
          <Actor>
            <ActorID>4eeb7efec226720fd6000049</ActorID>
          </Actor>
        </Source>
        <Product>
          <ProductName>
            <Text>Hepatitis B Vaccine</Text>
          </ProductName>
          <BrandName>
            <Text>Hepatitis B Vaccine</Text>
            <Code>
              <Value>763313</Value>
              <CodingSystem>RxNorm</CodingSystem>
              <Version>2005</Version>
            </Code>
          </BrandName>
        </Product>
      </Medication>
      <Medication>
        <CCRDataObjectID>MD00010</CCRDataObjectID>
        <DateTime>
          <Type>
            <Text>Prescription Date</Text>
          </Type>
          <ExactDateTime>2009-08-21T04:00:00Z</ExactDateTime>
        </DateTime>
        <Type>
          <Text>Medication</Text>
        </Type>
        <Status>
          <Text>Active</Text>
        </Status>
        <Source>
          <Actor>
            <ActorID>4eeb7efec226720fd6000049</ActorID>
          </Actor>
        </Source>
        <Product>
          <ProductName>
            <Text>DTAP Vaccine</Text>
          </ProductName>
          <BrandName>
            <Text>DTAP Vaccine</Text>
            <Code>
              <Value>795926</Value>
              <CodingSystem>RxNorm</CodingSystem>
              <Version>2005</Version>
            </Code>
          </BrandName>
        </Product>
      </Medication>
      <Medication>
        <CCRDataObjectID>MD00011</CCRDataObjectID>
        <DateTime>
          <Type>
            <Text>Prescription Date</Text>
          </Type>
          <ExactDateTime>2009-08-21T04:00:00Z</ExactDateTime>
        </DateTime>
        <Type>
          <Text>Medication</Text>
        </Type>
        <Status>
          <Text>Active</Text>
        </Status>
        <Source>
          <Actor>
            <ActorID>4eeb7efec226720fd6000049</ActorID>
          </Actor>
        </Source>
        <Product>
          <ProductName>
            <Text>Pneumococcal Vaccine</Text>
          </ProductName>
          <BrandName>
            <Text>Pneumococcal Vaccine</Text>
            <Code>
              <Value>854969</Value>
              <CodingSystem>RxNorm</CodingSystem>
              <Version>2005</Version>
            </Code>
          </BrandName>
        </Product>
      </Medication>
      <Medication>
        <CCRDataObjectID>MD00012</CCRDataObjectID>
        <DateTime>
          <Type>
            <Text>Prescription Date</Text>
          </Type>
          <ExactDateTime>2009-08-21T04:00:00Z</ExactDateTime>
        </DateTime>
        <Type>
          <Text>Medication</Text>
        </Type>
        <Status>
          <Text>Active</Text>
        </Status>
        <Source>
          <Actor>
            <ActorID>4eeb7efec226720fd6000049</ActorID>
          </Actor>
        </Source>
        <Product>
          <ProductName>
            <Text>Influenza Vaccine</Text>
          </ProductName>
          <BrandName>
            <Text>Influenza Vaccine</Text>
            <Code>
              <Value>857942</Value>
              <CodingSystem>RxNorm</CodingSystem>
              <Version>2005</Version>
            </Code>
          </BrandName>
        </Product>
      </Medication>
      <Medication>
        <CCRDataObjectID>MD00013</CCRDataObjectID>
        <DateTime>
          <Type>
            <Text>Prescription Date</Text>
          </Type>
          <ExactDateTime>2009-06-19T04:00:00Z</ExactDateTime>
        </DateTime>
        <Type>
          <Text>Medication</Text>
        </Type>
        <Status>
          <Text>Active</Text>
        </Status>
        <Source>
          <Actor>
            <ActorID>4eeb7efec226720fd6000049</ActorID>
          </Actor>
        </Source>
        <Product>
          <ProductName>
            <Text>Rotavirus Vaccine</Text>
          </ProductName>
          <BrandName>
            <Text>Rotavirus Vaccine</Text>
            <Code>
              <Value>805576</Value>
              <CodingSystem>RxNorm</CodingSystem>
              <Version>2005</Version>
            </Code>
          </BrandName>
        </Product>
      </Medication>
      <Medication>
        <CCRDataObjectID>MD00014</CCRDataObjectID>
        <DateTime>
          <Type>
            <Text>Prescription Date</Text>
          </Type>
          <ExactDateTime>2009-06-19T04:00:00Z</ExactDateTime>
        </DateTime>
        <Type>
          <Text>Medication</Text>
        </Type>
        <Status>
          <Text>Active</Text>
        </Status>
        <Source>
          <Actor>
            <ActorID>4eeb7efec226720fd6000049</ActorID>
          </Actor>
        </Source>
        <Product>
          <ProductName>
            <Text>DTAP Vaccine</Text>
          </ProductName>
          <BrandName>
            <Text>DTAP Vaccine</Text>
            <Code>
              <Value>795926</Value>
              <CodingSystem>RxNorm</CodingSystem>
              <Version>2005</Version>
            </Code>
          </BrandName>
        </Product>
      </Medication>
      <Medication>
        <CCRDataObjectID>MD00015</CCRDataObjectID>
        <DateTime>
          <Type>
            <Text>Prescription Date</Text>
          </Type>
          <ExactDateTime>2009-06-19T04:00:00Z</ExactDateTime>
        </DateTime>
        <Type>
          <Text>Medication</Text>
        </Type>
        <Status>
          <Text>Active</Text>
        </Status>
        <Source>
          <Actor>
            <ActorID>4eeb7efec226720fd6000049</ActorID>
          </Actor>
        </Source>
        <Product>
          <ProductName>
            <Text>HiB Vaccine</Text>
          </ProductName>
          <BrandName>
            <Text>HiB Vaccine</Text>
            <Code>
              <Value>90721</Value>
              <CodingSystem>CPT</CodingSystem>
              <Version>2005</Version>
            </Code>
            <Code>
              <Value>51</Value>
              <CodingSystem>CVX</CodingSystem>
              <Version>2005</Version>
            </Code>
          </BrandName>
        </Product>
      </Medication>
      <Medication>
        <CCRDataObjectID>MD00016</CCRDataObjectID>
        <DateTime>
          <Type>
            <Text>Prescription Date</Text>
          </Type>
          <ExactDateTime>2009-06-19T04:00:00Z</ExactDateTime>
        </DateTime>
        <Type>
          <Text>Medication</Text>
        </Type>
        <Status>
          <Text>Active</Text>
        </Status>
        <Source>
          <Actor>
            <ActorID>4eeb7efec226720fd6000049</ActorID>
          </Actor>
        </Source>
        <Product>
          <ProductName>
            <Text>Pneumococcal Vaccine</Text>
          </ProductName>
          <BrandName>
            <Text>Pneumococcal Vaccine</Text>
            <Code>
              <Value>854969</Value>
              <CodingSystem>RxNorm</CodingSystem>
              <Version>2005</Version>
            </Code>
          </BrandName>
        </Product>
      </Medication>
      <Medication>
        <CCRDataObjectID>MD00017</CCRDataObjectID>
        <DateTime>
          <Type>
            <Text>Prescription Date</Text>
          </Type>
          <ExactDateTime>2009-06-19T04:00:00Z</ExactDateTime>
        </DateTime>
        <Type>
          <Text>Medication</Text>
        </Type>
        <Status>
          <Text>Active</Text>
        </Status>
        <Source>
          <Actor>
            <ActorID>4eeb7efec226720fd6000049</ActorID>
          </Actor>
        </Source>
        <Product>
          <ProductName>
            <Text>IPV Vaccination</Text>
          </ProductName>
          <BrandName>
            <Text>IPV Vaccination</Text>
            <Code>
              <Value>90713</Value>
              <CodingSystem>CPT</CodingSystem>
              <Version>2005</Version>
            </Code>
            <Code>
              <Value>10</Value>
              <CodingSystem>CVX</CodingSystem>
              <Version>2005</Version>
            </Code>
          </BrandName>
        </Product>
      </Medication>
      <Medication>
        <CCRDataObjectID>MD00018</CCRDataObjectID>
        <DateTime>
          <Type>
            <Text>Prescription Date</Text>
          </Type>
          <ExactDateTime>2009-04-17T04:00:00Z</ExactDateTime>
        </DateTime>
        <Type>
          <Text>Medication</Text>
        </Type>
        <Status>
          <Text>Active</Text>
        </Status>
        <Source>
          <Actor>
            <ActorID>4eeb7efec226720fd6000049</ActorID>
          </Actor>
        </Source>
        <Product>
          <ProductName>
            <Text>Rotavirus Vaccine</Text>
          </ProductName>
          <BrandName>
            <Text>Rotavirus Vaccine</Text>
            <Code>
              <Value>805576</Value>
              <CodingSystem>RxNorm</CodingSystem>
              <Version>2005</Version>
            </Code>
          </BrandName>
        </Product>
      </Medication>
      <Medication>
        <CCRDataObjectID>MD00019</CCRDataObjectID>
        <DateTime>
          <Type>
            <Text>Prescription Date</Text>
          </Type>
          <ExactDateTime>2009-04-17T04:00:00Z</ExactDateTime>
        </DateTime>
        <Type>
          <Text>Medication</Text>
        </Type>
        <Status>
          <Text>Active</Text>
        </Status>
        <Source>
          <Actor>
            <ActorID>4eeb7efec226720fd6000049</ActorID>
          </Actor>
        </Source>
        <Product>
          <ProductName>
            <Text>DTAP Vaccine</Text>
          </ProductName>
          <BrandName>
            <Text>DTAP Vaccine</Text>
            <Code>
              <Value>795926</Value>
              <CodingSystem>RxNorm</CodingSystem>
              <Version>2005</Version>
            </Code>
          </BrandName>
        </Product>
      </Medication>
      <Medication>
        <CCRDataObjectID>MD00020</CCRDataObjectID>
        <DateTime>
          <Type>
            <Text>Prescription Date</Text>
          </Type>
          <ExactDateTime>2009-04-17T04:00:00Z</ExactDateTime>
        </DateTime>
        <Type>
          <Text>Medication</Text>
        </Type>
        <Status>
          <Text>Active</Text>
        </Status>
        <Source>
          <Actor>
            <ActorID>4eeb7efec226720fd6000049</ActorID>
          </Actor>
        </Source>
        <Product>
          <ProductName>
            <Text>HiB Vaccine</Text>
          </ProductName>
          <BrandName>
            <Text>HiB Vaccine</Text>
            <Code>
              <Value>90721</Value>
              <CodingSystem>CPT</CodingSystem>
              <Version>2005</Version>
            </Code>
            <Code>
              <Value>51</Value>
              <CodingSystem>CVX</CodingSystem>
              <Version>2005</Version>
            </Code>
          </BrandName>
        </Product>
      </Medication>
      <Medication>
        <CCRDataObjectID>MD00021</CCRDataObjectID>
        <DateTime>
          <Type>
            <Text>Prescription Date</Text>
          </Type>
          <ExactDateTime>2009-04-17T04:00:00Z</ExactDateTime>
        </DateTime>
        <Type>
          <Text>Medication</Text>
        </Type>
        <Status>
          <Text>Active</Text>
        </Status>
        <Source>
          <Actor>
            <ActorID>4eeb7efec226720fd6000049</ActorID>
          </Actor>
        </Source>
        <Product>
          <ProductName>
            <Text>Pneumococcal Vaccine</Text>
          </ProductName>
          <BrandName>
            <Text>Pneumococcal Vaccine</Text>
            <Code>
              <Value>854969</Value>
              <CodingSystem>RxNorm</CodingSystem>
              <Version>2005</Version>
            </Code>
          </BrandName>
        </Product>
      </Medication>
      <Medication>
        <CCRDataObjectID>MD00022</CCRDataObjectID>
        <DateTime>
          <Type>
            <Text>Prescription Date</Text>
          </Type>
          <ExactDateTime>2009-04-17T04:00:00Z</ExactDateTime>
        </DateTime>
        <Type>
          <Text>Medication</Text>
        </Type>
        <Status>
          <Text>Active</Text>
        </Status>
        <Source>
          <Actor>
            <ActorID>4eeb7efec226720fd6000049</ActorID>
          </Actor>
        </Source>
        <Product>
          <ProductName>
            <Text>IPV Vaccination</Text>
          </ProductName>
          <BrandName>
            <Text>IPV Vaccination</Text>
            <Code>
              <Value>90713</Value>
              <CodingSystem>CPT</CodingSystem>
              <Version>2005</Version>
            </Code>
            <Code>
              <Value>10</Value>
              <CodingSystem>CVX</CodingSystem>
              <Version>2005</Version>
            </Code>
          </BrandName>
        </Product>
      </Medication>
      <Medication>
        <CCRDataObjectID>MD00023</CCRDataObjectID>
        <DateTime>
          <Type>
            <Text>Prescription Date</Text>
          </Type>
          <ExactDateTime>2009-03-15T04:00:00Z</ExactDateTime>
        </DateTime>
        <Type>
          <Text>Medication</Text>
        </Type>
        <Status>
          <Text>Active</Text>
        </Status>
        <Source>
          <Actor>
            <ActorID>4eeb7efec226720fd6000049</ActorID>
          </Actor>
        </Source>
        <Product>
          <ProductName>
            <Text>Hepatitis B Vaccine</Text>
          </ProductName>
          <BrandName>
            <Text>Hepatitis B Vaccine</Text>
            <Code>
              <Value>763313</Value>
              <CodingSystem>RxNorm</CodingSystem>
              <Version>2005</Version>
            </Code>
          </BrandName>
        </Product>
      </Medication>
      <Medication>
        <CCRDataObjectID>MD00024</CCRDataObjectID>
        <DateTime>
          <Type>
            <Text>Prescription Date</Text>
          </Type>
          <ExactDateTime>2009-02-13T05:00:00Z</ExactDateTime>
        </DateTime>
        <Type>
          <Text>Medication</Text>
        </Type>
        <Status>
          <Text>Active</Text>
        </Status>
        <Source>
          <Actor>
            <ActorID>4eeb7efec226720fd6000049</ActorID>
          </Actor>
        </Source>
        <Product>
          <ProductName>
            <Text>Hepatitis B Vaccine</Text>
          </ProductName>
          <BrandName>
            <Text>Hepatitis B Vaccine</Text>
            <Code>
              <Value>763313</Value>
              <CodingSystem>RxNorm</CodingSystem>
              <Version>2005</Version>
            </Code>
          </BrandName>
        </Product>
      </Medication>
    </Medications>
    <VitalSigns>
      <Result>
        <CCRDataObjectID>VT0001</CCRDataObjectID>
        <DateTime>
          <Type>
            <Text>Start date</Text>
          </Type>
          <ExactDateTime>2011-02-22T05:00:00Z</ExactDateTime>
        </DateTime>
        <Description>
          <Text>BMI</Text>
          <Code>
            <Value>60621009</Value>
            <CodingSystem>SNOMED-CT</CodingSystem>
            <Version>2005</Version>
          </Code>
          <Code>
            <Value>39156-5</Value>
            <CodingSystem>LOINC</CodingSystem>
            <Version>2005</Version>
          </Code>
        </Description>
        <Source/>
        <Test>
          <CCRDataObjectID>VT0001TestResult</CCRDataObjectID>
          <Source/>
          <TestResult>
            <Value>16.1386593204775</Value>
            <Units>
              <Unit></Unit>
            </Units>
          </TestResult>
        </Test>
      </Result>
      <Result>
        <CCRDataObjectID>VT0002</CCRDataObjectID>
        <DateTime>
          <Type>
            <Text>Start date</Text>
          </Type>
          <ExactDateTime>2010-08-16T04:00:00Z</ExactDateTime>
        </DateTime>
        <Description>
          <Text>BMI</Text>
          <Code>
            <Value>60621009</Value>
            <CodingSystem>SNOMED-CT</CodingSystem>
            <Version>2005</Version>
          </Code>
          <Code>
            <Value>39156-5</Value>
            <CodingSystem>LOINC</CodingSystem>
            <Version>2005</Version>
          </Code>
        </Description>
        <Source/>
        <Test>
          <CCRDataObjectID>VT0002TestResult</CCRDataObjectID>
          <Source/>
          <TestResult>
            <Value>19.22265625</Value>
            <Units>
              <Unit></Unit>
            </Units>
          </TestResult>
        </Test>
      </Result>
      <Result>
        <CCRDataObjectID>VT0003</CCRDataObjectID>
        <DateTime>
          <Type>
            <Text>Start date</Text>
          </Type>
          <ExactDateTime>2010-05-15T04:00:00Z</ExactDateTime>
        </DateTime>
        <Description>
          <Text>BMI</Text>
          <Code>
            <Value>60621009</Value>
            <CodingSystem>SNOMED-CT</CodingSystem>
            <Version>2005</Version>
          </Code>
          <Code>
            <Value>39156-5</Value>
            <CodingSystem>LOINC</CodingSystem>
            <Version>2005</Version>
          </Code>
        </Description>
        <Source/>
        <Test>
          <CCRDataObjectID>VT0003TestResult</CCRDataObjectID>
          <Source/>
          <TestResult>
            <Value>18.746666666666666</Value>
            <Units>
              <Unit></Unit>
            </Units>
          </TestResult>
        </Test>
      </Result>
      <Result>
        <CCRDataObjectID>VT0004</CCRDataObjectID>
        <DateTime>
          <Type>
            <Text>Start date</Text>
          </Type>
          <ExactDateTime>2010-02-15T05:00:00Z</ExactDateTime>
        </DateTime>
        <Description>
          <Text>BMI</Text>
          <Code>
            <Value>60621009</Value>
            <CodingSystem>SNOMED-CT</CodingSystem>
            <Version>2005</Version>
          </Code>
          <Code>
            <Value>39156-5</Value>
            <CodingSystem>LOINC</CodingSystem>
            <Version>2005</Version>
          </Code>
        </Description>
        <Source/>
        <Test>
          <CCRDataObjectID>VT0004TestResult</CCRDataObjectID>
          <Source/>
          <TestResult>
            <Value>19.75887573964497</Value>
            <Units>
              <Unit></Unit>
            </Units>
          </TestResult>
        </Test>
      </Result>
      <Result>
        <CCRDataObjectID>VT0005</CCRDataObjectID>
        <DateTime>
          <Type>
            <Text>Start date</Text>
          </Type>
          <ExactDateTime>2009-08-21T04:00:00Z</ExactDateTime>
        </DateTime>
        <Description>
          <Text>BMI</Text>
          <Code>
            <Value>60621009</Value>
            <CodingSystem>SNOMED-CT</CodingSystem>
            <Version>2005</Version>
          </Code>
          <Code>
            <Value>39156-5</Value>
            <CodingSystem>LOINC</CodingSystem>
            <Version>2005</Version>
          </Code>
        </Description>
        <Source/>
        <Test>
          <CCRDataObjectID>VT0005TestResult</CCRDataObjectID>
          <Source/>
          <TestResult>
            <Value>15.7472</Value>
            <Units>
              <Unit></Unit>
            </Units>
          </TestResult>
        </Test>
      </Result>
      <Result>
        <CCRDataObjectID>VT0006</CCRDataObjectID>
        <DateTime>
          <Type>
            <Text>Start date</Text>
          </Type>
          <ExactDateTime>2009-06-19T04:00:00Z</ExactDateTime>
        </DateTime>
        <Description>
          <Text>BMI</Text>
          <Code>
            <Value>60621009</Value>
            <CodingSystem>SNOMED-CT</CodingSystem>
            <Version>2005</Version>
          </Code>
          <Code>
            <Value>39156-5</Value>
            <CodingSystem>LOINC</CodingSystem>
            <Version>2005</Version>
          </Code>
        </Description>
        <Source/>
        <Test>
          <CCRDataObjectID>VT0006TestResult</CCRDataObjectID>
          <Source/>
          <TestResult>
            <Value>12.624763705103971</Value>
            <Units>
              <Unit></Unit>
            </Units>
          </TestResult>
        </Test>
      </Result>
      <Result>
        <CCRDataObjectID>VT0007</CCRDataObjectID>
        <DateTime>
          <Type>
            <Text>Start date</Text>
          </Type>
          <ExactDateTime>2009-04-17T04:00:00Z</ExactDateTime>
        </DateTime>
        <Description>
          <Text>BMI</Text>
          <Code>
            <Value>60621009</Value>
            <CodingSystem>SNOMED-CT</CodingSystem>
            <Version>2005</Version>
          </Code>
          <Code>
            <Value>39156-5</Value>
            <CodingSystem>LOINC</CodingSystem>
            <Version>2005</Version>
          </Code>
        </Description>
        <Source/>
        <Test>
          <CCRDataObjectID>VT0007TestResult</CCRDataObjectID>
          <Source/>
          <TestResult>
            <Value>14.472110577394375</Value>
            <Units>
              <Unit></Unit>
            </Units>
          </TestResult>
        </Test>
      </Result>
      <Result>
        <CCRDataObjectID>VT0008</CCRDataObjectID>
        <DateTime>
          <Type>
            <Text>Start date</Text>
          </Type>
          <ExactDateTime>2009-03-15T04:00:00Z</ExactDateTime>
        </DateTime>
        <Description>
          <Text>BMI</Text>
          <Code>
            <Value>60621009</Value>
            <CodingSystem>SNOMED-CT</CodingSystem>
            <Version>2005</Version>
          </Code>
          <Code>
            <Value>39156-5</Value>
            <CodingSystem>LOINC</CodingSystem>
            <Version>2005</Version>
          </Code>
        </Description>
        <Source/>
        <Test>
          <CCRDataObjectID>VT0008TestResult</CCRDataObjectID>
          <Source/>
          <TestResult>
            <Value>13.865877712031558</Value>
            <Units>
              <Unit></Unit>
            </Units>
          </TestResult>
        </Test>
      </Result>
    </VitalSigns>
    <Encounters>
      <Encounter>
        <CCRDataObjectID>EN0001</CCRDataObjectID>
        <DateTime>
          <Type>
            <Text>Encounter Date</Text>
          </Type>
          <ExactDateTime>2011-02-22T05:00:00Z</ExactDateTime>
        </DateTime>
        <Description>
          <Text>encounter outpatient-children</Text>
          <Code>
            <Value>Z00.1</Value>
            <CodingSystem>ICD-10-CM</CodingSystem>
            <Version>2005</Version>
          </Code>
        </Description>
        <Status>
          <Text>Active</Text>
        </Status>
        <Source>
          <Actor>
            <ActorID>4eeb7efec226720fd6000049</ActorID>
          </Actor>
        </Source>
      </Encounter>
      <Encounter>
        <CCRDataObjectID>EN0002</CCRDataObjectID>
        <DateTime>
          <Type>
            <Text>Encounter Date</Text>
          </Type>
          <ExactDateTime>2010-08-16T04:00:00Z</ExactDateTime>
        </DateTime>
        <Description>
          <Text>encounter outpatient-children</Text>
          <Code>
            <Value>Z00.1</Value>
            <CodingSystem>ICD-10-CM</CodingSystem>
            <Version>2005</Version>
          </Code>
        </Description>
        <Status>
          <Text>Active</Text>
        </Status>
        <Source>
          <Actor>
            <ActorID>4eeb7efec226720fd6000049</ActorID>
          </Actor>
        </Source>
      </Encounter>
      <Encounter>
        <CCRDataObjectID>EN0003</CCRDataObjectID>
        <DateTime>
          <Type>
            <Text>Encounter Date</Text>
          </Type>
          <ExactDateTime>2010-05-15T04:00:00Z</ExactDateTime>
        </DateTime>
        <Description>
          <Text>encounter outpatient-children</Text>
          <Code>
            <Value>Z00.1</Value>
            <CodingSystem>ICD-10-CM</CodingSystem>
            <Version>2005</Version>
          </Code>
        </Description>
        <Status>
          <Text>Active</Text>
        </Status>
        <Source>
          <Actor>
            <ActorID>4eeb7efec226720fd6000049</ActorID>
          </Actor>
        </Source>
      </Encounter>
      <Encounter>
        <CCRDataObjectID>EN0004</CCRDataObjectID>
        <DateTime>
          <Type>
            <Text>Encounter Date</Text>
          </Type>
          <ExactDateTime>2010-02-15T05:00:00Z</ExactDateTime>
        </DateTime>
        <Description>
          <Text>encounter outpatient-children</Text>
          <Code>
            <Value>Z00.1</Value>
            <CodingSystem>ICD-10-CM</CodingSystem>
            <Version>2005</Version>
          </Code>
        </Description>
        <Status>
          <Text>Active</Text>
        </Status>
        <Source>
          <Actor>
            <ActorID>4eeb7efec226720fd6000049</ActorID>
          </Actor>
        </Source>
      </Encounter>
      <Encounter>
        <CCRDataObjectID>EN0005</CCRDataObjectID>
        <DateTime>
          <Type>
            <Text>Encounter Date</Text>
          </Type>
          <ExactDateTime>2009-08-21T04:00:00Z</ExactDateTime>
        </DateTime>
        <Description>
          <Text>encounter outpatient-children</Text>
          <Code>
            <Value>Z00.1</Value>
            <CodingSystem>ICD-10-CM</CodingSystem>
            <Version>2005</Version>
          </Code>
        </Description>
        <Status>
          <Text>Active</Text>
        </Status>
        <Source>
          <Actor>
            <ActorID>4eeb7efec226720fd6000049</ActorID>
          </Actor>
        </Source>
      </Encounter>
      <Encounter>
        <CCRDataObjectID>EN0006</CCRDataObjectID>
        <DateTime>
          <Type>
            <Text>Encounter Date</Text>
          </Type>
          <ExactDateTime>2009-06-19T04:00:00Z</ExactDateTime>
        </DateTime>
        <Description>
          <Text>encounter outpatient-children</Text>
          <Code>
            <Value>Z00.1</Value>
            <CodingSystem>ICD-10-CM</CodingSystem>
            <Version>2005</Version>
          </Code>
        </Description>
        <Status>
          <Text>Active</Text>
        </Status>
        <Source>
          <Actor>
            <ActorID>4eeb7efec226720fd6000049</ActorID>
          </Actor>
        </Source>
      </Encounter>
      <Encounter>
        <CCRDataObjectID>EN0007</CCRDataObjectID>
        <DateTime>
          <Type>
            <Text>Encounter Date</Text>
          </Type>
          <ExactDateTime>2009-04-17T04:00:00Z</ExactDateTime>
        </DateTime>
        <Description>
          <Text>encounter outpatient-children</Text>
          <Code>
            <Value>Z00.1</Value>
            <CodingSystem>ICD-10-CM</CodingSystem>
            <Version>2005</Version>
          </Code>
        </Description>
        <Status>
          <Text>Active</Text>
        </Status>
        <Source>
          <Actor>
            <ActorID>4eeb7efec226720fd6000049</ActorID>
          </Actor>
        </Source>
      </Encounter>
      <Encounter>
        <CCRDataObjectID>EN0008</CCRDataObjectID>
        <DateTime>
          <Type>
            <Text>Encounter Date</Text>
          </Type>
          <ExactDateTime>2009-03-15T04:00:00Z</ExactDateTime>
        </DateTime>
        <Description>
          <Text>encounter outpatient-children</Text>
          <Code>
            <Value>Z00.1</Value>
            <CodingSystem>ICD-10-CM</CodingSystem>
            <Version>2005</Version>
          </Code>
        </Description>
        <Status>
          <Text>Active</Text>
        </Status>
        <Source>
          <Actor>
            <ActorID>4eeb7efec226720fd6000049</ActorID>
          </Actor>
        </Source>
      </Encounter>
    </Encounters>
  </Body>
  <Actors>
    <Actor>
      <ActorObjectID>4eeb7efec226720fd6000049</ActorObjectID>
      <Person>
        <Name>
          <CurrentName>
            <Given>Liza</Given>
            <Family>Clute</Family>
          </CurrentName>
        </Name>
        <DateOfBirth>
          <ExactDateTime>2009-02-11T05:00:00Z</ExactDateTime>
        </DateOfBirth>
        <Gender>
          <Text>Female</Text>
        </Gender>
      </Person>
      <Source/>
    </Actor>
  </Actors>
</ContinuityOfCareRecord>
