<ContinuityOfCareRecord xmlns:xsi="http://www.w3.org/2001/XMLSchema-instance" xsi:schemaLocation="urn:astm-org:CCR CCR_20051109.xsd http://www.w3.org/2001/XMLSchema xmldsig-core-schema.xsd" xmlns="urn:astm-org:CCR">
  <CCRDocumentObjectID>4eeb7f03c226720fd600007c</CCRDocumentObjectID>
  <Language>
    <Text>English</Text>
  </Language>
  <Version>V1.0</Version>
  <DateTime>
    <ExactDateTime>2012-01-11T02:23:36+00:00</ExactDateTime>
  </DateTime>
  <Patient>
    <ActorID>4eeb7f03c226720fd600007c</ActorID>
  </Patient>
  <From>
    <ActorLink>
      <ActorID>AA0002</ActorID>
    </ActorLink>
  </From>
  <Purpose>
    <Description>
      <Text>Cypress Test Patient CCR XML Record</Text>
    </Description>
    <Indications>
      <Indication>
        <Source>
          <Actor>
            <ActorID>AA0002</ActorID>
          </Actor>
        </Source>
        <InternalCCRLink>
          <LinkID/>
        </InternalCCRLink>
      </Indication>
    </Indications>
  </Purpose>
  <Body>
    <Problems>
      <Problem>
        <CCRDataObjectID>PR0001</CCRDataObjectID>
        <DateTime>
          <Type>
            <Text>Start date</Text>
          </Type>
          <ExactDateTime>2010-04-06T04:00:00Z</ExactDateTime>
        </DateTime>
        <Type>
          <Text>Diagnosis</Text>
        </Type>
        <Description>
          <Text>Asthma Persistent</Text>
          <Code>
            <Value>J45.42</Value>
            <CodingSystem>ICD-10-CM</CodingSystem>
            <Version>2005</Version>
          </Code>
          <Code>
            <Value>427295004</Value>
            <CodingSystem>SNOMED-CT</CodingSystem>
            <Version>2005</Version>
          </Code>
        </Description>
        <Status>
          <Text>Active</Text>
        </Status>
        <Source>
          <Actor>
            <ActorID>4eeb7f03c226720fd600007c</ActorID>
          </Actor>
        </Source>
      </Problem>
      <Problem>
        <CCRDataObjectID>PR0002</CCRDataObjectID>
        <DateTime>
          <Type>
            <Text>Start date</Text>
          </Type>
          <ExactDateTime>1995-06-25T04:00:00Z</ExactDateTime>
        </DateTime>
        <Type>
          <Text>Diagnosis</Text>
        </Type>
        <Description>
          <Text>Asthma</Text>
          <Code>
            <Value>493.92</Value>
            <CodingSystem>ICD-9-CM</CodingSystem>
            <Version>2005</Version>
          </Code>
          <Code>
            <Value>J45</Value>
            <CodingSystem>ICD-10-CM</CodingSystem>
            <Version>2005</Version>
          </Code>
          <Code>
            <Value>195979001</Value>
            <CodingSystem>SNOMED-CT</CodingSystem>
            <Version>2005</Version>
          </Code>
        </Description>
        <Status>
          <Text>Active</Text>
        </Status>
        <Source>
          <Actor>
            <ActorID>4eeb7f03c226720fd600007c</ActorID>
          </Actor>
        </Source>
      </Problem>
      <Problem>
        <CCRDataObjectID>PR0003</CCRDataObjectID>
        <DateTime>
          <Type>
            <Text>Start date</Text>
          </Type>
          <ExactDateTime>2010-04-06T04:00:00Z</ExactDateTime>
        </DateTime>
        <Type>
          <Text>Diagnosis</Text>
        </Type>
        <Description>
          <Text>Asthma Daytime Symptoms Quantified</Text>
          <Code>
            <Value>370202007</Value>
            <CodingSystem>SNOMED-CT</CodingSystem>
            <Version>2005</Version>
          </Code>
        </Description>
        <Status>
          <Text>Active</Text>
        </Status>
        <Source>
          <Actor>
            <ActorID>4eeb7f03c226720fd600007c</ActorID>
          </Actor>
        </Source>
      </Problem>
      <Problem>
        <CCRDataObjectID>PR0004</CCRDataObjectID>
        <DateTime>
          <Type>
            <Text>Start date</Text>
          </Type>
          <ExactDateTime>2010-04-06T04:00:00Z</ExactDateTime>
        </DateTime>
        <Type>
          <Text>Diagnosis</Text>
        </Type>
        <Description>
          <Text>Asthma Nighttime Symptoms Quantified</Text>
          <Code>
            <Value>370205009</Value>
            <CodingSystem>SNOMED-CT</CodingSystem>
            <Version>2005</Version>
          </Code>
        </Description>
        <Status>
          <Text>Active</Text>
        </Status>
        <Source>
          <Actor>
            <ActorID>4eeb7f03c226720fd600007c</ActorID>
          </Actor>
        </Source>
      </Problem>
      <Problem>
        <CCRDataObjectID>PR0005</CCRDataObjectID>
        <DateTime>
          <Type>
            <Text>Start date</Text>
          </Type>
          <ExactDateTime>2010-09-12T04:00:00Z</ExactDateTime>
        </DateTime>
        <Type>
          <Text>Diagnosis</Text>
        </Type>
        <Description>
          <Text>Asthma Daytime Symptoms Quantified</Text>
          <Code>
            <Value>370202007</Value>
            <CodingSystem>SNOMED-CT</CodingSystem>
            <Version>2005</Version>
          </Code>
        </Description>
        <Status>
          <Text>Active</Text>
        </Status>
        <Source>
          <Actor>
            <ActorID>4eeb7f03c226720fd600007c</ActorID>
          </Actor>
        </Source>
      </Problem>
      <Problem>
        <CCRDataObjectID>PR0006</CCRDataObjectID>
        <DateTime>
          <Type>
            <Text>Start date</Text>
          </Type>
          <ExactDateTime>2010-09-12T04:00:00Z</ExactDateTime>
        </DateTime>
        <Type>
          <Text>Diagnosis</Text>
        </Type>
        <Description>
          <Text>Asthma Nighttime Symptoms Quantified</Text>
          <Code>
            <Value>370205009</Value>
            <CodingSystem>SNOMED-CT</CodingSystem>
            <Version>2005</Version>
          </Code>
        </Description>
        <Status>
          <Text>Active</Text>
        </Status>
        <Source>
          <Actor>
            <ActorID>4eeb7f03c226720fd600007c</ActorID>
          </Actor>
        </Source>
      </Problem>
    </Problems>
    <Medications>
      <Medication>
        <CCRDataObjectID>MD0001</CCRDataObjectID>
        <DateTime>
          <Type>
            <Text>Prescription Date</Text>
          </Type>
          <ExactDateTime>2010-04-06T04:00:00Z</ExactDateTime>
        </DateTime>
        <Type>
          <Text>Medication</Text>
        </Type>
        <Status>
          <Text>Active</Text>
        </Status>
        <Source>
          <Actor>
            <ActorID>4eeb7f03c226720fd600007c</ActorID>
          </Actor>
        </Source>
        <Product>
          <ProductName>
            <Text>Corticosteroid, Inhaled or Alternative Asthma Medication</Text>
          </ProductName>
          <BrandName>
            <Text>Corticosteroid, Inhaled or Alternative Asthma Medication</Text>
            <Code>
              <Value>351136</Value>
              <CodingSystem>RxNorm</CodingSystem>
              <Version>2005</Version>
            </Code>
          </BrandName>
        </Product>
      </Medication>
      <Medication>
        <CCRDataObjectID>MD0002</CCRDataObjectID>
        <DateTime>
          <Type>
            <Text>Prescription Date</Text>
          </Type>
          <ExactDateTime>2010-04-06T04:00:00Z</ExactDateTime>
        </DateTime>
        <Type>
          <Text>Medication</Text>
        </Type>
        <Status>
          <Text>Active</Text>
        </Status>
        <Source>
          <Actor>
            <ActorID>4eeb7f03c226720fd600007c</ActorID>
          </Actor>
        </Source>
        <Product>
          <ProductName>
            <Text>Short acting beta 2 agonist</Text>
          </ProductName>
          <BrandName>
            <Text>Short acting beta 2 agonist</Text>
            <Code>
              <Value>630208</Value>
              <CodingSystem>RxNorm</CodingSystem>
              <Version>2005</Version>
            </Code>
          </BrandName>
        </Product>
      </Medication>
      <Medication>
        <CCRDataObjectID>MD0003</CCRDataObjectID>
        <DateTime>
          <Type>
            <Text>Prescription Date</Text>
          </Type>
          <ExactDateTime>2010-09-12T04:00:00Z</ExactDateTime>
        </DateTime>
        <Type>
          <Text>Medication</Text>
        </Type>
        <Status>
          <Text>Active</Text>
        </Status>
        <Source>
          <Actor>
            <ActorID>4eeb7f03c226720fd600007c</ActorID>
          </Actor>
        </Source>
        <Product>
          <ProductName>
            <Text>Corticosteroid, Inhaled or Alternative Asthma Medication</Text>
          </ProductName>
          <BrandName>
            <Text>Corticosteroid, Inhaled or Alternative Asthma Medication</Text>
            <Code>
              <Value>351136</Value>
              <CodingSystem>RxNorm</CodingSystem>
              <Version>2005</Version>
            </Code>
          </BrandName>
        </Product>
      </Medication>
      <Medication>
        <CCRDataObjectID>MD0004</CCRDataObjectID>
        <DateTime>
          <Type>
            <Text>Prescription Date</Text>
          </Type>
          <ExactDateTime>2010-09-12T04:00:00Z</ExactDateTime>
        </DateTime>
        <Type>
          <Text>Medication</Text>
        </Type>
        <Status>
          <Text>Active</Text>
        </Status>
        <Source>
          <Actor>
            <ActorID>4eeb7f03c226720fd600007c</ActorID>
          </Actor>
        </Source>
        <Product>
          <ProductName>
            <Text>Short acting beta 2 agonist</Text>
          </ProductName>
          <BrandName>
            <Text>Short acting beta 2 agonist</Text>
            <Code>
              <Value>630208</Value>
              <CodingSystem>RxNorm</CodingSystem>
              <Version>2005</Version>
            </Code>
          </BrandName>
        </Product>
      </Medication>
    </Medications>
    <Immunizations>
      <Immunization>
        <CCRDataObjectID>IM0001</CCRDataObjectID>
        <DateTime>
          <Type>
            <Text>Prescription Date</Text>
          </Type>
          <ExactDateTime>2010-09-12T04:00:00Z</ExactDateTime>
        </DateTime>
        <Type>
          <Text>Immunization</Text>
        </Type>
        <Status>
          <Text>Active</Text>
        </Status>
        <Source>
          <Actor>
            <ActorID>4eeb7f03c226720fd600007c</ActorID>
          </Actor>
        </Source>
        <Product>
          <ProductName>
            <Text>Influenza Vaccine</Text>
          </ProductName>
          <BrandName>
            <Text>Influenza Vaccine</Text>
            <Code>
              <Value>857942</Value>
              <CodingSystem>RxNorm</CodingSystem>
              <Version>2005</Version>
            </Code>
          </BrandName>
        </Product>
      </Immunization>
      <Immunization>
        <CCRDataObjectID>IM0002</CCRDataObjectID>
        <DateTime>
          <Type>
            <Text>Prescription Date</Text>
          </Type>
          <ExactDateTime>2010-09-12T04:00:00Z</ExactDateTime>
        </DateTime>
        <Type>
          <Text>Immunization</Text>
        </Type>
        <Status>
          <Text>Active</Text>
        </Status>
        <Source>
          <Actor>
            <ActorID>4eeb7f03c226720fd600007c</ActorID>
          </Actor>
        </Source>
        <Product>
          <ProductName>
            <Text>Pneumococcal Vaccine all ages</Text>
          </ProductName>
          <BrandName>
            <Text>Pneumococcal Vaccine all ages</Text>
            <Code>
              <Value>100</Value>
              <CodingSystem>CVX</CodingSystem>
              <Version>2005</Version>
            </Code>
            <Code>
              <Value>90669</Value>
              <CodingSystem>CPT</CodingSystem>
              <Version>2005</Version>
            </Code>
          </BrandName>
        </Product>
      </Immunization>
    </Immunizations>
    <VitalSigns>
      <Result>
        <CCRDataObjectID>VT0001</CCRDataObjectID>
        <DateTime>
          <Type>
            <Text>Start date</Text>
          </Type>
          <ExactDateTime>2010-09-12T04:00:00Z</ExactDateTime>
        </DateTime>
        <Description>
          <Text>Systolic Blood Pressure</Text>
          <Code>
            <Value>271649006</Value>
            <CodingSystem>SNOMED-CT</CodingSystem>
            <Version>2005</Version>
          </Code>
          <Code>
            <Value>8480-6</Value>
            <CodingSystem>LOINC</CodingSystem>
            <Version>2005</Version>
          </Code>
        </Description>
        <Source/>
        <Test>
          <CCRDataObjectID>VT0001TestResult</CCRDataObjectID>
          <Source/>
          <TestResult>
            <Value>110.0</Value>
            <Units>
              <Unit>mm[Hg]</Unit>
            </Units>
          </TestResult>
        </Test>
      </Result>
      <Result>
        <CCRDataObjectID>VT0002</CCRDataObjectID>
        <DateTime>
          <Type>
            <Text>Start date</Text>
          </Type>
          <ExactDateTime>2010-09-12T04:00:00Z</ExactDateTime>
        </DateTime>
        <Description>
          <Text>Diastolic Blood Pressure</Text>
          <Code>
            <Value>271650006</Value>
            <CodingSystem>SNOMED-CT</CodingSystem>
            <Version>2005</Version>
          </Code>
          <Code>
            <Value>8462-4</Value>
            <CodingSystem>LOINC</CodingSystem>
            <Version>2005</Version>
          </Code>
        </Description>
        <Source/>
        <Test>
          <CCRDataObjectID>VT0002TestResult</CCRDataObjectID>
          <Source/>
          <TestResult>
            <Value>64.0</Value>
            <Units>
              <Unit>mm[Hg]</Unit>
            </Units>
          </TestResult>
        </Test>
      </Result>
      <Result>
        <CCRDataObjectID>VT0003</CCRDataObjectID>
        <DateTime>
          <Type>
            <Text>Start date</Text>
          </Type>
          <ExactDateTime>2010-07-09T04:00:00Z</ExactDateTime>
        </DateTime>
        <Description>
          <Text>Systolic Blood Pressure</Text>
          <Code>
            <Value>271649006</Value>
            <CodingSystem>SNOMED-CT</CodingSystem>
            <Version>2005</Version>
          </Code>
          <Code>
            <Value>8480-6</Value>
            <CodingSystem>LOINC</CodingSystem>
            <Version>2005</Version>
          </Code>
        </Description>
        <Source/>
        <Test>
          <CCRDataObjectID>VT0003TestResult</CCRDataObjectID>
          <Source/>
          <TestResult>
            <Value>104.0</Value>
            <Units>
              <Unit>mm[Hg]</Unit>
            </Units>
          </TestResult>
        </Test>
      </Result>
      <Result>
        <CCRDataObjectID>VT0004</CCRDataObjectID>
        <DateTime>
          <Type>
            <Text>Start date</Text>
          </Type>
          <ExactDateTime>2010-07-09T04:00:00Z</ExactDateTime>
        </DateTime>
        <Description>
          <Text>Diastolic Blood Pressure</Text>
          <Code>
            <Value>271650006</Value>
            <CodingSystem>SNOMED-CT</CodingSystem>
            <Version>2005</Version>
          </Code>
          <Code>
            <Value>8462-4</Value>
            <CodingSystem>LOINC</CodingSystem>
            <Version>2005</Version>
          </Code>
        </Description>
        <Source/>
        <Test>
          <CCRDataObjectID>VT0004TestResult</CCRDataObjectID>
          <Source/>
          <TestResult>
            <Value>62.0</Value>
            <Units>
              <Unit>mm[Hg]</Unit>
            </Units>
          </TestResult>
        </Test>
      </Result>
      <Result>
        <CCRDataObjectID>VT0005</CCRDataObjectID>
        <DateTime>
          <Type>
            <Text>Start date</Text>
          </Type>
          <ExactDateTime>2010-04-06T04:00:00Z</ExactDateTime>
        </DateTime>
        <Description>
          <Text>Systolic Blood Pressure</Text>
          <Code>
            <Value>271649006</Value>
            <CodingSystem>SNOMED-CT</CodingSystem>
            <Version>2005</Version>
          </Code>
          <Code>
            <Value>8480-6</Value>
            <CodingSystem>LOINC</CodingSystem>
            <Version>2005</Version>
          </Code>
        </Description>
        <Source/>
        <Test>
          <CCRDataObjectID>VT0005TestResult</CCRDataObjectID>
          <Source/>
          <TestResult>
            <Value>106.0</Value>
            <Units>
              <Unit>mm[Hg]</Unit>
            </Units>
          </TestResult>
        </Test>
      </Result>
      <Result>
        <CCRDataObjectID>VT0006</CCRDataObjectID>
        <DateTime>
          <Type>
            <Text>Start date</Text>
          </Type>
          <ExactDateTime>2010-04-06T04:00:00Z</ExactDateTime>
        </DateTime>
        <Description>
          <Text>Diastolic Blood Pressure</Text>
          <Code>
            <Value>271650006</Value>
            <CodingSystem>SNOMED-CT</CodingSystem>
            <Version>2005</Version>
          </Code>
          <Code>
            <Value>8462-4</Value>
            <CodingSystem>LOINC</CodingSystem>
            <Version>2005</Version>
          </Code>
        </Description>
        <Source/>
        <Test>
          <CCRDataObjectID>VT0006TestResult</CCRDataObjectID>
          <Source/>
          <TestResult>
            <Value>64.0</Value>
            <Units>
              <Unit>mm[Hg]</Unit>
            </Units>
          </TestResult>
        </Test>
      </Result>
      <Result>
        <CCRDataObjectID>VT0007</CCRDataObjectID>
        <DateTime>
          <Type>
            <Text>Start date</Text>
          </Type>
          <ExactDateTime>2010-09-12T04:00:00Z</ExactDateTime>
        </DateTime>
        <Description>
          <Text>BMI</Text>
          <Code>
            <Value>60621009</Value>
            <CodingSystem>SNOMED-CT</CodingSystem>
            <Version>2005</Version>
          </Code>
          <Code>
            <Value>39156-5</Value>
            <CodingSystem>LOINC</CodingSystem>
            <Version>2005</Version>
          </Code>
        </Description>
        <Source/>
        <Test>
          <CCRDataObjectID>VT0007TestResult</CCRDataObjectID>
          <Source/>
          <TestResult>
            <Value>24.39189189189189</Value>
            <Units>
              <Unit></Unit>
            </Units>
          </TestResult>
        </Test>
      </Result>
      <Result>
        <CCRDataObjectID>VT0008</CCRDataObjectID>
        <DateTime>
          <Type>
            <Text>Start date</Text>
          </Type>
          <ExactDateTime>2010-07-09T04:00:00Z</ExactDateTime>
        </DateTime>
        <Description>
          <Text>BMI</Text>
          <Code>
            <Value>60621009</Value>
            <CodingSystem>SNOMED-CT</CodingSystem>
            <Version>2005</Version>
          </Code>
          <Code>
            <Value>39156-5</Value>
            <CodingSystem>LOINC</CodingSystem>
            <Version>2005</Version>
          </Code>
        </Description>
        <Source/>
        <Test>
          <CCRDataObjectID>VT0008TestResult</CCRDataObjectID>
          <Source/>
          <TestResult>
            <Value>24.135135135135133</Value>
            <Units>
              <Unit></Unit>
            </Units>
          </TestResult>
        </Test>
      </Result>
      <Result>
        <CCRDataObjectID>VT0009</CCRDataObjectID>
        <DateTime>
          <Type>
            <Text>Start date</Text>
          </Type>
          <ExactDateTime>2010-04-06T04:00:00Z</ExactDateTime>
        </DateTime>
        <Description>
          <Text>BMI</Text>
          <Code>
            <Value>60621009</Value>
            <CodingSystem>SNOMED-CT</CodingSystem>
            <Version>2005</Version>
          </Code>
          <Code>
            <Value>39156-5</Value>
            <CodingSystem>LOINC</CodingSystem>
            <Version>2005</Version>
          </Code>
        </Description>
        <Source/>
        <Test>
          <CCRDataObjectID>VT0009TestResult</CCRDataObjectID>
          <Source/>
          <TestResult>
            <Value>24.263513513513512</Value>
            <Units>
              <Unit></Unit>
            </Units>
          </TestResult>
        </Test>
      </Result>
    </VitalSigns>
    <Procedures>
      <Procedure>
        <CCRDataObjectID>PR0001</CCRDataObjectID>
        <DateTime>
          <Type>
            <Text>Service date</Text>
          </Type>
          <ExactDateTime>2010-04-06T04:00:00Z</ExactDateTime>
        </DateTime>
        <Description>
          <Text>Asthma Symptom Assessment Tool</Text>
          <Code>
            <Value>401011001</Value>
            <CodingSystem>SNOMED-CT</CodingSystem>
            <Version>2005</Version>
          </Code>
        </Description>
        <Status>
          <Text>Active</Text>
        </Status>
        <Source/>
      </Procedure>
    </Procedures>
    <Encounters>
      <Encounter>
        <CCRDataObjectID>EN0001</CCRDataObjectID>
        <DateTime>
          <Type>
            <Text>Encounter Date</Text>
          </Type>
          <ExactDateTime>2010-09-12T04:00:00Z</ExactDateTime>
        </DateTime>
        <Description>
          <Text>Encounter Office &amp; Outpatient Consult</Text>
          <Code>
            <Value>99241</Value>
            <CodingSystem>CPT</CodingSystem>
            <Version>2005</Version>
          </Code>
        </Description>
        <Status>
          <Text>Active</Text>
        </Status>
        <Source>
          <Actor>
            <ActorID>4eeb7f03c226720fd600007c</ActorID>
          </Actor>
        </Source>
      </Encounter>
      <Encounter>
        <CCRDataObjectID>EN0002</CCRDataObjectID>
        <DateTime>
          <Type>
            <Text>Encounter Date</Text>
          </Type>
          <ExactDateTime>2010-07-09T04:00:00Z</ExactDateTime>
        </DateTime>
        <Description>
          <Text>Encounter Office &amp; Outpatient Consult</Text>
          <Code>
            <Value>99241</Value>
            <CodingSystem>CPT</CodingSystem>
            <Version>2005</Version>
          </Code>
        </Description>
        <Status>
          <Text>Active</Text>
        </Status>
        <Source>
          <Actor>
            <ActorID>4eeb7f03c226720fd600007c</ActorID>
          </Actor>
        </Source>
      </Encounter>
      <Encounter>
        <CCRDataObjectID>EN0003</CCRDataObjectID>
        <DateTime>
          <Type>
            <Text>Encounter Date</Text>
          </Type>
          <ExactDateTime>2010-04-06T04:00:00Z</ExactDateTime>
        </DateTime>
        <Description>
          <Text>Encounter Office &amp; Outpatient Consult</Text>
          <Code>
            <Value>99241</Value>
            <CodingSystem>CPT</CodingSystem>
            <Version>2005</Version>
          </Code>
        </Description>
        <Status>
          <Text>Active</Text>
        </Status>
        <Source>
          <Actor>
            <ActorID>4eeb7f03c226720fd600007c</ActorID>
          </Actor>
        </Source>
      </Encounter>
    </Encounters>
  </Body>
  <Actors>
    <Actor>
      <ActorObjectID>4eeb7f03c226720fd600007c</ActorObjectID>
      <Person>
        <Name>
          <CurrentName>
            <Given>Jeremy</Given>
            <Family>Allen</Family>
          </CurrentName>
        </Name>
        <DateOfBirth>
          <ExactDateTime>1985-08-03T04:00:00Z</ExactDateTime>
        </DateOfBirth>
        <Gender>
          <Text>Male</Text>
        </Gender>
      </Person>
      <Source/>
    </Actor>
  </Actors>
</ContinuityOfCareRecord>
